clinic_id,name,address,phone_regular,phone_emergency,whatsapp,opening_hours,emergency_24h,website_url,applemap_url,latitude,longitude,rating,google_place_id,photo_reference
1,Veterinary Emergency Centre,"Shop B2 & C, G/F, Luen Wai Apartments, 136-142 Belcher's Street, Kennedy Town, Hong Kong",+852 2334 2334,852 6828 6620,852 6828 6620,Mon-Sun: 24-hour,TRUE,https://www.vec.com.hk/,https://maps.apple/p/z7sXSYKtG1v-~r,22.282349,114.127091,4.3,ChIJJ9qawiX_AzQR3u9_ZQURv5w,ATCDNfULovPw9YTvSqbQwRMeBn4C9Q8Bnr0Rlm1wFDDA0tnugh3VZPtN6Oo6_ElCUogRSO7PDbkqk0a9R4bf88LaWb7pqqReF72ZWze4N3Encf4RT8M8-knERZp69fkYUI_rfQh7ztZe0uGSkJGT78XLl1Pjo6YIaK_O3CLVat76tW433LaUIQK4E5Z8YL_Z1NQB6aUUmzb65_81xi4FWlSKdrtDNV2Vcq6PcrchFrf2cU6GnZqL9_jqAIoE58p6MZxsPVgMlipNwnTOrAGzQxi3hRx9APLL4hyCbDOWUQgBmTjh6g
2,Pets Central – North Point Hospital,"G/F & 1/F, Yan Wo Building, 70 Java Road, North Point, Hong Kong",+852 2811 8907,,,Mon-Sun: 24-hour,TRUE,https://www.pets-central.com/,https://maps.apple/p/C.6UWMfhNX7.M1,22.291813,114.198447,3.5,ChIJt3XYDwMBBDQR4OMWx8CzKV0,ATCDNfUFJPuB9Fihhon8EVNv7kmqzxoMiIlw121aOFd8EkwRO3MNsmTPDu1oJaiq5ByxPTezVX7_BVKBuGie6s9unFhvDbadBHfz0jQ2LMkUDkFLM6xRRkCZmP042qMpTWifvg2CYtwCSs_ChwyA8NHERUevnsGCE3jExN2NtLKqHz5o5YBcpqZxFzFny-cUaepyKd9uJCKCt_-KpQg3z1stnng8ctXQB2sPTA6ZPI3qsNYmokRDmEbmI5zN-FVkFdk7QDqJFJiBRVMs4VMH-VDpOqzIlMyofeBXMAB5uZF0IAk4eg
3,CityU Veterinary Medical Centre,"G/F-2/F, Trinity Towers, 339 Lai Chi Kok Road, Sham Shui Po, Kowloon, Hong Kong",+852 3650 3000,852 3650 3200,,Mon-Sun: 24-hour,TRUE,https://cityuvmc.com.hk/,https://maps.apple/p/wmefPLp0BPnJQF,22.328954,114.159634,3.7,ChIJecP5-sUABDQRjBggTA-nxg0,ATCDNfXA1D0mKg3A1HcYQxxIdH6jQGKMob4F8HnuX9W-hcq8seT3D6MuagRmFKykCdzL0L6DbTIsOmUGXnZpu1NossUo864n1l9RnPwklU-oUtmC4a06ir2-3ot-5_MlnyQTY9EVVbrXjMhpI45PEisXrdJRN932VIBJQ-s_3uFDUN_3EIRlh1NFEM0m9Wd0OBXR3LpQod0UDtymD0f0844pmAg8tuZVeE1VLlfF693ZhKlk1azzSjSJ-XOeVGC-GrhFwGDQMTcDhFrVe6gkHvAB1bBpqmAXnXCgi1rViFJnhE4vGw
4,Animal Medical Centre,"Shop No.1, G/F, VAU Residence, 11 Liberty Avenue, Ho Man Tin (Entrance at Victory Avenue)",+852 2713 4155,,852 9165 9870,Mon-Sun: 24-hour,TRUE,https://amcvet.com.hk/,https://maps.apple/p/BVQaBXMSiN4hDY,22.318969,114.174559,3.5,ChIJoeyWRnEBBDQRNUKv52WaykQ,ATCDNfUcS-AeI3Q2_OAVMjzC1ql0NmxzMoaKQoin3_lnfFa4WgZaSkGUMoREk4yX6eWx5UvWLRziTrI-Oe5SyQ53aegCxpDUxMl7qYoljwo5WvI5H7tccDZu_pKOTyimpMo6OV2mUOKJDazCB0liXVGlC43Trhn7U9h8hdZ79fP5nl9C3ddX1GRtN_5y4p_92uTjetnazgTyLrFGAPHPemT6SuU8V2xMDHCNtQ7A-9xyw3vpw8_RIYrcMPToOn5IyJGAH51tvzABEN3ihRhE697kyBBqBKEGEbiqqkRKa-0CbD-dkIFSArD5RmY1Zy0ECDjL6nOpNVR6EAHkHZoovVZ8FNOOLnoKxwOpE5Izc-DHWYjuE4gk5LLV5loVKO4y-B5gXl9lt11dmg7yzO1mEQPYbxBbBZuaweLjwVm2JWSP3pA
5,Acorn Veterinary Hospital,"G/F 68-80 Second Street, Sai Ying Pun, Hong Kong",+852 2540 0228,,852 5374 4244,Mon-Sat: 09:00-19:00; Sun/PH: 10:00-17:00,FALSE,http://www.acornvets.com/,https://maps.apple/p/LCv8GZspDaQ7-G,22.286033,114.14156,4.2,ChIJeT9S0ID_AzQRfci_UZSGlXk,ATCDNfUjj_qJ2t89Uff3mvFhKazillYi9nUuZPqWk1FKMfakS51TVPy0_Q0Aap0JwKQP7A0o39U15MTCx8LP2Wq1RSUnrRksq8iL6ydddhf2PhRBKlzbSRIhtvQiu2r4btEbzbYObWvngaIhbXW1tBX1bvfugITrKcZN6-leZy7rJ9vHhRsMv46z9jidCcnLVBz63Wo3dOwCCtB7oOPJyWnUow5BB6bzC3bdb89hUV0lrMYgrNlSVh5uEbAF7HnIQQkooX91glmuKIkRxLhVjpqqTO0WZda4WEqgndG0nhHf5i1il3FBqPJDJIZ4DfImEiXNxSW26t9hegMcvvIGXW5XCxkEfvBkJj6T5b6Y7AvO6Bo4pBRjaSW8MM_RPyMVn3zS6kvkeZnImHebz5Hc7lCOBeuFEhX6Is-wUYhHVqQQvn4
6,Pets Central – Mong Kok Hospital,"1/F & 2/F, Sun Ming Bldg., 484-488 Shanghai Street, Mong Kok, Hong Kong",+852 2309 2139,,,Mon-Sun: 24-hour,TRUE,https://www.pets-central.com/,https://maps.apple/p/JQT56I6xD2pM4v,22.316465,114.168867,3.7,ChIJuQb3a8cABDQR0VgkIQ2tv5U,ATCDNfUe_u4kg6JWYm1sKZefVZN2KfTjSAQ4RJXI2DAtTSpJTDaaOXXnFKxWIpNwZo-z9DokLZO2-qYgVgK33dTjhEExnWmYZjVIHL1pf2Z7TvQjrX_OKwK7rAxxfJbYPJYuvX20Aiqb3akKd5z2nEMZ-oolhLWGoHwSv0rKE8ST7w6xsVGuOJDZDbfpwquit1eJFu8rVhinqeDeTZMoZKyI99xagGtWQOECRPL0r6NXc0f1VflSTO9vDOcF7b6iv2jS0ZilXloJPN1RJ6oliyE0-7yeS-w8TfgELLmFg_JlbdHhyg
7,Pets Central – Tseung Kwan O Hospital,"Shop B01A, Park Central, No. 9 Tong Tak Street, Tseung Kwan O, Hong Kong",+852 2244 6684,,,Mon-Sun: 08:30-20:30,FALSE,https://www.pets-central.com/,https://maps.apple/p/C2oZ0_yBebuJt_,22.307585,114.258073,3,ChIJ984ePvIDBDQRYnLQ0mqhSEI,ATCDNfWF7y4m1OyeBFfte-2XWasH4mprG_F3aDg-L9Zc1lPBfAvuSjLur7jbsb1YoK4hjHevBDKiJY_vxU7j04bB3LsqjCsXO924X6Yr23x-OzjQ6TQP_L036FacWDvukJJsRrr8mhHGJXugaex4LE0tm-5e6j6Xuxf9oaKaakslWptKKncqw2o2K70t4S2qp1CG9UYoX9_SVEytOkgS3jSMDGfS0vG6mKos4ybyXg6k2BjC4k2jBvcmtyB88Sso4duughJeRmsxuNAweOjyGE-Z7oRvQ4B4lrZwo9WnAfLRzhyM4Q
8,Pets Central – Sai Kung Hospital,"Shop 8, 66 Yi Chung Street, Sai Kung, NT, Hong Kong",+852 2792 0833,,,Mon-Sun: 09:30-19:30,FALSE,https://www.pets-central.com/,https://maps.apple/p/1_C2QMLfwxXX2y,22.380519,114.271608,4.1,ChIJH4pDpOYFBDQR0xsQ9W11-T4,ATCDNfXEEqczKuDM_LD2IzSdDvbcbRYYp7WToWrZ2lCBq_AG3upD_7ryGgXj-E6J0GE2mriLdS68gCBNDtyxqGaHRn1RSR0K3fCzqUBVOAjtkkwfLduCd1JyNkgLmjJ158hJbQUIZxCe7y5ffGuOHWFiEtxRUVYCVXd-AyT_CHOoHYPG-EExCD8JVACdIPC6ViEYiNGKQjBKudUpao3rki51qNiuDGqqWTMn9Hku1KImpPUCb2uIUdcLjo4CsMCM5fUVTJCay_z1y-hieRCCMqnwgXYAKNdrAHphz39pWi0whDY7bciRj734dQ5mFTEItSsDbBeA3WKpexNRdRgxxEZrD3DqZEHvPoBju0UQY8XG6dvi3MrZGeocj0iEay4ZfoNtP6EckSZLrFxUg_oT6EqqHfRYxETIIITTr1-lKNUakfASTxI
9,North Point Animal Hospital,"19 Kin Wah Street, North Point, Hong Kong",+852 2307 6622,,,Mon-Sun: 24-hour,TRUE,http://www.northpointvets.com.hk/,https://maps.apple/p/MQ6yLhf631Jv-K,22.288927,114.196859,4.4,ChIJq1lDCeUBBDQRP-lO2lB0m0w,ATCDNfUtj7jCk8_jCbnE-NBFRalYoubIo0i6O0O6V0yVRF4ZgiRdcQ95NA9MUvE8IMIU2wAcf5DJNlQ6GRWlIlvCAU8LqCRkdYn7DOvPbkA-WGkW1QFR1gea9ohH5nr6SYx1FYOig1rqYYOQbUWKeOJjNBIPGc0vDlyNoAkJsS8PHBhdbMWPb8f_T3h2UyqmbB5jYl3LU6im-3zlOx9XgRG_VknH5f92TQ459pDdbmXE_agJwNPdh0xwASEGDs9Oc7CBbi-hs_mROiK1WDiPYLzJ27s-kCzE_Og77s4lp_GdGSR0Kw
10,CityU Veterinary Medical Centre,(legacy/clinic) Ho Man Tin / Mong Kok area — associated with CityU VMC,+852 3650 3000,852 3650 3200,,Mon-Sun: 24-hour,TRUE,https://cityuvmc.com.hk/,https://maps.apple/p/wmefPLp0BPnJQF,22.328954,114.159634,3.7,ChIJecP5-sUABDQRjBggTA-nxg0,ATCDNfVfrGGflQqqXzqG_xSfyWTXhC-et-3WFRgxnX0I5C8murHrt_kO9uxd4IQZRXS9oQEpM8d-tmYJMOSV-XDZY5HiKC7ImBNxYuM7qVfNhHbP0S1MkeHC3iIgQUVXATqRHpDl1e47t3zDJMyPMgqv7JrxK9Ea6lG_SZu3qceO00t1AxjElj8qXi3GyN5vmcxhOR5WWQS5NrQcbv2RheNkwj8NEhAL1PKRCM9Zrr5u1rpwKM6a6DHeuvh94pObTZLhVC3EWEEVB6ibE3pccTSiYzvdjTZpiIlJs4sOyBjt-KYjig
11,Acorn Veterinary Hospital,"G/F, 68-80 Second Street, Sai Ying Pun, Hong Kong",+852 2540 0228,,,Mon-Sat: 09:00-19:00; Sun: 10:00-17:00,FALSE,http://www.acornvets.com/,https://maps.apple/p/LCv8GZspDaQ7-G,22.286033,114.14156,4.2,ChIJeT9S0ID_AzQRfci_UZSGlXk,ATCDNfU58UJ_S4gyzghd8oTx47bKUpIhGReMZiGsQisuDNZ6cqLxhhMWl01vhg9t-558_MCa8edBg4nF2PNzjkmpFXXT-WeImIztW6xQOjyl6khTLSctwk2C1aVyjFGwcUX3D9951z8wdx9r9RbwmhHd_HLnYlpD9eoKQtH0EkJl6YMFFEj4rZZgRT40sQFigfRArwgsyovqLX0P2XPCzhjXJaPoRO0D2PMscZ_w5H3_Ki3J1E6-1tV1ERF447xu38NHytuWLbHY-dQRvJBG6QtNDVOyhLJutJDO-Vx13QzBHCh0Clxwlef4VViVgyWmQqcLNTL6sMnXWoX4dr4izkfHhzksgByMdCBhYz9oYWDl25ZfRklDTlchjzCsZjhDfFMvNzwgSIV4SPtq9KIbS3fVeFMBQ4jq-TM7pzGGfgqL8kw
12,Four Paws Animal Hospital,"Shop B, G/F, Caineway Mansion, No.130 Caine Road, Mid-Levels, Hong Kong",+852 2291 0065,,,Mon-Sat: 10:00-20:00; Sun: 10:00-18:00,FALSE,zh.yelp.com.hk,https://maps.apple/p/tZy9TZEdgCBDzb,22.282688,114.149373,4.5,ChIJAyNcZ3kABDQR7PxOpTSjevY,ATCDNfU6ZhGSwjvJvcyGdIeOShIeZkqFhVtyOiUPcP2jyCVN3DPg0kYNUc96eMOqBjwBAPy045T0J-dHcN-NTfUL9tn6SOKA-qmHsC_4s_VE9gBbOYhVFN8yLLBifMO7Soa3U8HYRcJ3n28fVn7wBUrJqH6WbTV1QOvEGWDleaoGkCLFAjuzZZ1D9Xm8GOzA_puwvdLV6cuPnppIyEbi0lZWyvXXIR4YP6N9OLk3szIAH_9H5cOgy8deSO3ytM6AZY1pjUnczfuh-JkZoxgxZZH5fXuzLSDKtI6QO0uw8iuyGiK5oanY4O8-OL3EkoWCPaYT1NHQyJ9MfaYTtx34g6fY9XZzPDFqEcOK7w0pvl363Y8gqaOGOs_O8-QLsQYiQ0PYP9ERpd4_7xsz1iexj0m2g1GSaD-ZsWVtPjoEM9SrDGtEAJU
13,Happy Life Animal Clinic,"G/F, 63 Catchick Street, Kennedy Town, Hong Kong",+852 2818 2333,,,Mon-Sat: 09:00-21:00; Sun: 09:00-18:00,FALSE,https://www.facebook.com/happylifevethk/,https://maps.apple/p/Ikj5.ryhsU9980,22.283367,114.127654,4.3,ChIJLWmvOg7_AzQRE_9qVjMDDqM,ATCDNfUBtUU3fHayUauXP92ebcQouEFAYVjLBxO_SdglmWkAzew89V2QBkKv2MPz74LvAHxDNCbZfOrykH2xHvwSajkfZtV8RLpPC5z_YJpwuGxdpkyYN7A5MgE1NMJLGQBGptv9ylYFbNsZd8SFxH2OzjTFfatsd2sgMYm2Sne_bAPGO4FUIWRIXW7I3_Jxz97AVEm0N_HRG3J1VPn3Jxm9n2C3__2_4VnAup8FdAs-wD92xKbMl7ns9L52U1EGYuzqTqEJUkl6cfcmQAwdXwmXNy0DRkXpkc9pL43oV8J9HgvQAIc34FjvvJtyKV32GNacXPrIBpsDIOqxLb7L-ln09t8qcuWVoy0a5xOnACrIo-6_AcwSp1W0vxOp3VzIxRvZMKJG_trwobrEMQ9t6HS8EFZdOCc0BRqElRz6CfxOH0zIzs0O
14,Paws and Tails Veterinary Hospital,"4 Po Yan Street, Sheung Wan, Hong Kong",+852 2832 2836,,,Mon-Sat: 09:00-13:00; 14:00-19:00; Sun: 09:00-13:00; 14:00-18:00,FALSE,http://www.pawsandtailshk.com/,https://maps.apple/p/MHw8Co84-zsd7.z,22.285572,114.14733,4.8,ChIJv-GOLUIBBDQRkC_8BQApTzY,ATCDNfXJ59VDO9SM2RWbUP2mY-2FHjMmMv66TSCmmQlGoWjebiMg_Q7A8gvn087A93XxTrBUJBlWVzyIW9jELNVYg-5zbOaz6j4XNuHrYJR-q7lKFYh6_DP3jmU9bHsuPJLx2UjdWe1LXWDHN1PKxOuZqnD7yMja3JKMC7hUYIwCGlz1sSEg0qrgmmdbyne5vJF5qL6s6Jnfg6foGt7IvXHSg0UOsA1CbwmqaL4DyaM8GDYrttTR1RnUJJhpygMmjHJf7pV5I_8o-k0q31Ph9SchMwsXjKV9Dx4PdfED0cmyBW3DRg
15,The Ark Veterinary Hospital,"Shop 1 G/F, 25-35A Water Street, Sai Ying Pun, Hong Kong",+852 2549 2330,,,Mon-Sun: 24-hour,TRUE,https://petspace.group/,https://maps.apple/p/K_u-7aniFf2nv.z,22.285475,114.138988,3.3,ChIJfSSg9U7_AzQREqphIj5j2eE,ATCDNfUPxAKdl0IdNFX5BcI6kmS0aWWkTR0PQdTUST8IAljsSkobxzbKcfF6iSrDvPoxxU5m2SadkFUugFRTc-Ypsz0KdPHlgQIs8YmRy6kXyiy32FG0zDagYWO82AkCfjKL6s9Y2t5vXLLScy9NodztH4VbHRmiiYHS9EnHvrjHTHSlpmg98yffW77c3ipZqmwpshhWWoJsc7xC72Lqr0XMz53D7O-Ljyk20dKcH7PXHf52YaSDcTHKbcDUDEULHahop3Lmnrj5voWjG4O8S-Y_gbOhOBRyanM8zc4v4K9FY4n2hA
16,Stanley Veterinary Centre,"LG/F, 10 - 12 Wong Ma Kok Road, Stanley, Hong Kong",+852 2813 2030,,,Mon-Fri: 09:00-18:00; Sat: 09:00-13:00; 14:00-17:00,FALSE,http://www.stanleyvetcentre.com/,https://maps.apple/p/g--zs96Tq55FUv,22.217926,114.213443,4.1,ChIJq9gOZmuqBjQRADaLlQHIPsE,ATCDNfWnhYF4IZItkmlRRwynry6ifRm4OaskbjTkKQ74W-qLlsi2QB2WWneG5mlH-ga-wI3dkMRUg1nbWObnOjmbXdwroS7RdN6AhalJLw-C6nVrwiN9nGqWzMXqAXJ0r14CNnJZ04YB1j7VaaH_xjLQMp7P3VllGwr5nPi61NwPDF7Lq1r-PLSDXG2a8G-yivjqGqEWTTASiude67ypsd2WeWXGAs69UviKZguBRls0xHg56Im1wO14xKQ7bK-szf4H8ToK3iYpRQzPmNe9eC9YNtfrSt2zkzXfz8zNzaPU8zCVVqTwCJK3462mV5JhK8xxBab-Z_k9oNdRjPu2RuXCHAKg-qrefHUx68_kUQ1FWi8x_vihjbCXmDcd1g6vKOhyyZD2C5Cwio3uwl1TcozFJ1DolFbwuGfhYNxcvCYBs-MM7Sg
17,Cosmo Pet Service Centre & Animal Hospital,"G/F, 38 Fort Street, North Point, Hong Kong",+852 2530 0101,,,Mon-Sun: 10:00-20:00,FALSE,https://www.cosmopethk.com/,https://maps.apple/p/9IGtm8z8MbcCGi,22.289874,114.197679,4.5,ChIJV7mMvQMBBDQRjt185E5AnU8,ATCDNfWV02x4d5g9_oxH_gxr8oDOras47NYxBOdn3NxAZ7HE-73WWlt6Pv79jEbWcq2NmPzFL7-EsHrOJXzrrSpP1ARIBvDf6zgRrZ22y04Cj6lXQMGmNtpsk-Ysq5Mal2TmvLGbmqJQdT3wj6Z1TkVKT5CvfqbbUEzx2lNY8bQqmbjPVSSFX5S3o_KjaZHrUBZ4aHDuSSYNQWAQP2wH185Brc25sjRVYy7RrFScGXNnck-XlN-cBPNXX5e3jet0au6CVzVyI2YKzRWInpnqPFZ7oKDYpshvQfO_Lxy364xGDPGmQ2XkgoB2Inx290lFWl0ACvRA_3x8UTefJcC_grPdK3oScf8K6PfEgdNrAarC3rgy2wmeshCY7pFeD76u5Mv--iTkks2-XVfgO0gzkJXvDZ6u4gob-mAljvpRr106a9ZrWCnMj3g24euc6cuzHA
18,Dr. Hugh's Veterinary Hospital,"G/F, 2A Wing Hing Street, Tin Hau, Hong Kong",+852 2380 0612,,,Mon-Sat: 9:00-19:00; Sun: 10:00-17:00,FALSE,http://www.dhvh.vet/,https://maps.apple/p/U1CWL3ZAw~UJsF,22.285046,114.19113,4.3,ChIJi5SgLv4ABDQR7O_088HscC8,ATCDNfUFqWvLEyGeDO3Xduj-2iJDkwwUZT-tMxIQZ_shdJFgwxNl0SpGv4xDtFrb5-97nimUXgf6wk09T7Q-ILQmXcLTwB8cQSEiu_o7_tTIWKatZm8Z__dhSwAynO1GaNv1d39YdTcR9k6xwG55Zl1hE7IiU2t4HbQ3jAY8DRYD3XgXDfSn5v-7NiMYYp-iOXkVAxh8we8IE6qIHPN2lp_WbwFbf8Xke__pMoBEzg6LkIeTZXE5k3Bh8OUVJnnzebVkHX5jjeQB6Ohldy_X8aTP4nKfa-WIqOsl545DIsMwCKpFGFj11-ucGlHA8v1v32TlLDZV_O2EOjcZ3y9mdw8tP84CKL-sG6Dl319X7v_C9voCfPcu108EJifdgQ_piZoYmszTKZ65ilkRYOsJ41A9DlIk8cSVufUSxc3EEECBKem5B3k
19,East Island Animal Hospital,"256 Shau Kei Wan Road, Shau Kei Wan, Hong Kong",+852 2915 3999,,,Mon-Sun: 24-hour,TRUE,https://www.creaturecomforts.com.hk/,https://maps.apple/p/EcdJLkSMcN6HYM,22.279998,114.22523,4.4,ChIJF3zipHcBBDQRIsyWPNX6CoI,ATCDNfVMRWTb1B0qRrK_LT2eDBEK47cjPAxUFXGoZG-6ZfIbCX0NBM_VG-v_fnMnVjRm55ysm59nAvNUTwt9qr1xvx3OEZtEKtidRz-cxJ32tMlunv7h8Kb_j1jn2ZJZ2-nyyObQ3NCKtJV-nDJXT1hSZ5Z_KIe5ypExQb-gTcEypTsj6kVm5pob-4OQVXy_bA2_MGpg1ZFY5r4fPdXH9pEW1qD_j36_qmrhONLZ4H74DT7qvi1Ew97mEkIY7IrJiDIohsbqREdghMv23XrnND9qV46iRy2JuAvdo3DYGtfM95_Pfg
20,HK Island East Small Animal & Exotic Veterinary Centre,"Unit 02, 3/F, Eastern Centre, 1065 King's Road, Quarry Bay, Hong Kong",+852 2809 2618,,,Mon-Sat: 10:00-13:00; 15:30-20:00; Sun: 10:00-13:00; 15:30-19:00,FALSE,,https://maps.apple/p/RBo0mfZ5f0tNtp,22.285066,114.214161,3.6,ChIJyfPa7SABBDQR6mhYs0FxX70,ATCDNfX_XcVy0gwQI7p9X3CvTRtofD8Owb108eHMAnCscRADl1BtW3x4lSyb_dT6Rgf76PlZzgOBL9BnjOgdGrRROhlkhAv-3wny8XWr7y5Zy_sc2_uCGuZhRZzpYB1Uf4TJuzsj2Sgc2fu-ufPOXus4exHxj3X-ibsM2gkywi4l_alCTYmaAylnJbir4-6c2DMrWRtS4EX12fJtR-YIDF6_jkhqrb8dFHZafi0bAktfF6R520Hd7dt0JXOmIazJCq4SNqQkSlmn1CDP3BmMTA94junQImTJHlbI1mq8AE4JNeEkUbUx-ub4dSqP_aYPr39SsqQjWwpPwYPCYGEmKnAVPZ3P18L5z8lCG8gtV8hObWpi-MEOAfGEHTzPpa507MDJvUWob04oxsCug21qnykti8_17zclGtk2QPj7oh6Y4vzE3g
21,The Sanctuary Animal Hospital,"G/F, 56 Shau Kei Wan Road, Sai Wan Ho, Hong Kong",+852 2560 2721,,,Mon-Fri: 09:00-19:00 Sat-; Sun: 09:00-18:00,FALSE,https://www.sanctuary-animal-hospital.com.hk/,https://maps.apple/p/h6dcBYgfQIgZNV,22.283068,114.220919,3.5,ChIJOz45uXcBBDQRgEU9cJqyT6c,ATCDNfUnArCoprQANKfIk3sZnYObSr2-JPXd2KDMoeDFdCNMuI0_-gkbrom3UHrTsLkFoPoqB6_5f0o5lIAtjksHoi5foXSVqr79SybZnt48ni86-Fzim6CYHjvPHVacaJaAHr6AzfkGBtF7KmH5F0LKhRPAL5TBFzKfwnmfgBk5ROP-r-oH52c8Fr0jkk4QkD0h-WNkk02wGnDGRwHhSGqLgo0CzNxb-Br8ozHd9xMEF_yBatCrYw7daCtOHtuACEMIeyoS86pigLhvpqccfG15IlUdTIHcTjgOahwAmRqeNIEcvg
22,Causeway Bay Animal Hospital,"G/F, 29 Whitfield Road, Causeway Bay, Hong Kong",+852 2510 0836,,,Mon-Sun: 09:00-19:00,FALSE,https://petspace.group/,https://maps.apple/p/YLr2aqY~EGYr6N,22.286036,114.190656,3.6,ChIJlxM-zf8ABDQRq7Y9w15-MlU,ATCDNfXyHSazz_i5GexjtwO6SB9pQHahlCXtiJfG_U7FSHbaTxisc-aGhGz7PWmJDwmv-65Ly8KGfHwY4PgMrJgpEORgQe6YPsJ6aJMPuWK-ibp8lX1BtOT39ksNGHZPeJdeOVqyEM-XEhJCib7dLatSE9niN74QrQpIoUsEFoamyvfFqWwBMG1_EC0b-VfwEFnWxXz8mrucnKnk6S9AHqOy1CepVqRgGptk_1gY5qVJh52DOqeGe0Eyq_Mztc1xqbGlCMM1XiWHgkxxFQiqfQ01tznjttAgeFTNTkD35ZlwLZ3Cmg
23,Dr Eric's Animal Clinic (Happy Valley),"Shop B, G/F, Igloo Residence, 1A Shan Kwong Road, Happy Valley, Hong Kong",+852 2893 2988,,,Mon-Sun: 10:30-13:30; 16:00-19:00,FALSE,http://www.dreric.com.hk/,https://maps.apple/p/7U-4psawLZwQgq,22.269016,114.184134,4.8,ChIJUULYv04ABDQRYvPtNIREyD8,ATCDNfVyvCCf7Ui5RPQd-TrE6an0cFnlbzy4-dcJsrLEOn5L3wj66q3tkBfYKBV6B3mQdoVcAh8HmtlfcxEkC1OaZ8IzP_Tx4scp0QxrRSCPfdbtsGJUVf0GeKeMvWp0enPn3WQE_aKyAQDOc0ykKusgL7M8tJ3h4ysCdhR4-aWSUF_adXmk_BMUESBkT7egowkx_J_uJb99gHT_1Mqc0KOahmurT4_x6cxcwAmnaa3Kq7rfdW9xQjgK1kxDEv_V3HtxuXcSb1vGUsVV3qVh3zYi8N6wMV2GW9CngkHXCaU-IQuLu7CKSJi9Pi12iDVfjRVmaKiCba9JBCBcQ09DHftF2xT44QJtxrteu-J2QaS-nYVY7EyOVyl6R3s-yAayuZXVN9akgDHhhBAXClG4BCc-H5_imKLcO0oVg917mXO4yNNT95a9h5oxGqFaOrIkRKPp
24,Hong Kong Island Veterinary Clinic,"Shop 1 & 2, G/F, Regent Hill, 67 D-E Sing Woo Road, Happy Valley, Hong Kong",+852 2982 0222,,,Mon-Sun: 09:00-19:00,FALSE,http://www.hkivc.com.hk/,https://maps.apple/p/fCjUATWnrRfjLi,22.267689,114.186959,4.3,ChIJcRUkcrsBBDQRgrnSRx9ovEo,ATCDNfWe0-5avt2TBcF5LNdEBYz1tneHG_ZfY0fUqm8hXsh0AMxdsynnvbzYuru9OSfRSCuR7-FxuPbBO274n4Lfmwp01q1SJ81FHsB-GOpiDiVI50c7T0fi_vyTMI44yh3yKZfoRqhPHgiYL1N5F_XM2OYuQ-935l9zb5TRdmJRdCLKTTAlimea6xEhm1m03EW6bFfifb6wa0RaXZ5y_JtX8MSOUG5t0X2ipgWLTFaxzcuep1zgtGL6nOcBhNbOe_JP1r7ja7voW9KRhnhP7yg7NYi-uhb1T8AsNznfIQSEhkE
25,Phoenix Animal Clinic,"G/F, 2 Sun Street, Wan Chai, Hong Kong",+852 2865 4320,,,Mon-Fri: 09:00-13:00; 14:30-18:00; Sat: 09:00-13:00; 14:00-17:00,FALSE,http://home.netfront.net/~easie/index.htm,https://maps.apple/p/cDBIXPszsu-.Ta,22.276536,114.168548,4.3,ChIJn-us_lwABDQRaSQ0Ta_k4do,ATCDNfWpepUlCckkQ55o7lyBpDkEvSV6hdi9Tf3v4Mx0oGCoLYrJ2xrblVQfJ7MIkNP6QPGYgSfRS4VsAsBrL-VSmXcYhdrCHwfqp6DOx1KkZTneXa1yA3cJnbuevGCRfNLqVNhLlUY7D2X8HMgUbZTwOUC9HpJnGAWjzrlR6eb9684KANoxDYi07Nzn3_YN6lSS9JWofbGstpOb-ZC0AS8oY1-1-9zhAx40ln4v6xQSmHHG2iMDaIy4z6ufhMEGAMxU49dD9RwAho2__N_FJPTSghCHTdCoDipL-eRahjPVRxN4wRDsm6VXlNO5e2jEt3PMCBTnQygSsc1k9T7eTFBkcZUvISGHfD3wmKCoQNpd31Fi_7xYmD8Rzr1MObxQH6vRIzCjohr5nMXJGTqU3-B2LsIhVaYe-6sz8bz1dGQ1yV6lGb8
26,SPCA (Hong Kong Centre),"5 Wan Shing Street, Wan Chai, Hong Kong",+852 2802 0501,,,Mon-Sat: 08:50-17:30,FALSE,http://www.spca.org.hk,https://maps.apple/p/FHQtIfAwe4A6Px,22.282044,114.178707,4.3,ChIJf5EDzlkABDQRdOv7KvIKw0U,ATCDNfU4IWPFw-FkY2tSb8bz_NQiOb5Kbixpy4Wi6pjywcMBPjaWlpQ4jgrJyh5WdeXLHORV2kMidlf5DsAE4QyOLBs85iKUVwF0T70xYSh0fn_TEpf5B33vfYrcdAZNJ-cEz1UK-iT5l2UzxJ8e16902-H-BZo-WelVBG4I9UTFM8CTI4wKjxNy5Nu93xBuAhMOH7bGDCI5WrvvyaO8vbhxwcDYBvbq3zFo0TO7JYqkSCegzH74wS7EoR8gMjK6e7CPFseAP8o_rToR0qTaw41P07z7PGBNbsWF5QdAHYZtNKZOooQVNeaLrXRZnZwzJb3B_VAW8ojYYfUKUcdVJ-ezo5Sgz_6I370vD1YbfY6h-Vr5NKsjNvgnrL6gHftFwoe_wxRBY9zn-pBbmS7HpmXalp3A0GOFgXY7UVf9wAU80LS_Wx_v
27,Tai Hang Veterinary Clinic,"G/F, Shop 2, Wun Sha Court, 1-5 Wun Sha Street, Tai Hang, Hong Kong",+852 2577 5755,,,Mon-Fri: 10:30-14:00; 16:00-19:00 Sat-; Sun: 12:00-18:00,FALSE,,https://maps.apple/p/4kxVIvCYNmMwRp,22.279275,114.192552,4.3,ChIJ3_EsOasBBDQR8t0moZxpigc,ATCDNfVgoRwz_tW3_QV1pA3r3SLgW9rwWeKOkr99Y0J1DNwtsiyuUb5KN3P5GLLUbiOV_lYqI6cvfi5Qyrofzw9DmwYsL1wi07pBOYderA4tOSyUz6A8e8ur4l7uV4FLsb3_Om42TfMBwXAE1CRnUseAwNePWtmU5I42d2Rc1C1L6k4s_GK7rzo43Hz25FBiiE4KtZ5t0KvtHGJt0HrlN3mnj-qytPkoZ_urNKHqsjyP-Y365MjsARgCY6PJaewD1faWPbKaDzAiTM2FJOuBY5yTA-xJASA9x0bJwOQF9j65WYkyvV66dE3mMURv9Oq--9fFgmN7_l2stHkiLXiB8-IanVFb5S-g8bSa2JVxaZkEIbS-u2lfZoJK6kvv3MkFEi0-8G6f1GgjbnayUpshIOOWoFoYI6L5PBk5YanUOlzgwscSq3O8
28,Faithful Veterinary Hospital,"G/F, 139 Pak Tai Street, To Kwa Wan, Hong Kong",+852 2711 9909,,,Mon-Sun: 09:00-19:00,FALSE,https://petfinderhk.com/shop/view.php?sid=1605,https://maps.apple/p/-e8tCzzcRT9BVT,22.323613,114.189466,3.8,ChIJEZGXxdUABDQRhJb7cydUmy4,ATCDNfV8x3I1ImYou7TA2BfduTXAvYjBAJWpMzFfHnkcX5KhOSSjy8FbmVlnqqaZMosvqUFg-oGHE-MxhSiA6f7CKFR2KGToFdh2r9XcTmWDl5xq2u8yiUyzcnZdAcV-u2yJHepR1vpi1x06lbjZusKSIOQzMTrcbQr4fcmaYHiO4HCwP06KlczwdKDjgqydyEta6-buw_rAU5IsREgfdWzcj-lk48OKgUGxW45iLhZJGv3XeJfUUoPKr3xNop08ucJgnvzAqnc9d3m-WxK9ARb8fGpJL8605ljWZ8aYhSdh74cmjwoqTvsV0PDB8v5OQI3_K4x5aRS7Tm8z0aA-u8vc-O2e-hyEikktmjv4a7qJrkFwkI9KtVZxEjRT_eLYp3ZCoR2xsFjRQlgfcSY6wGZNP_XMfk8T3ddVOsY2wTKb7PXcEApMk2BMX7bDMqSpBA
29,iVet Animal Clinic,"1/F, Tung Hei Court, 73 Bulkeley Street, Hung Hom, Kowloon, Hong Kong",+852 2877 6780,,,Mon-Sun: 10:00-19:00,FALSE,https://zh-hk.facebook.com/%E5%AF%B5%E5%BF%83-iVet-Animal-Clinic-1739764656266242/,https://maps.apple/p/Na5kidZLFoF954,22.306678,114.186122,4.5,ChIJe4gGD94ABDQRMIXOQ8L0WRY,ATCDNfVLYdJxlzy-FbW7y2lgwffD11wRNFQuUSHAYGEvekusB3hIgCMm1qZJzNjtLew_FSxLtf3zDp88B-xBPEurGBcbS4LNl3TtJpCPc1GXPG3vKO74qyIjOKrGOHlkaX7eNtPU9vG1E-GQjQif1G1pXP6Iold4mv6cdYleKqPdCXmbwmx0A-svxLvWLFc1t6pHYDwN8sqfzQoPqo2bNpQwNu6hCpuGZ4BCOPmhx5UduhYwpnahiSZqFL1j4ZyJ4U5r6Y9rFWIS_fS2_I6BEjCbvTTvWtiHLdxvFYJXSrvEsAB_yqT8DDLc67QoTIKj_K5SjeOQdofpbMY9VLv3aeo2-dup_xMyNzouDoW5faZuLGIcRLn9keeJLMQHVsQKegntcjO4e4exgdmm4JnbdxM9U-JIBsk7NrJy2s4Eo_hUqZkPJt5M
30,Kowloon Veterinary Hospital,"G/F, Yue Luen Mansion, 2 Junction Road, Kowloon City, Hong Kong",+852 2382 3300,,,Mon-Sun: 10:00-19:00,FALSE,http://kowloon-vet-hospital.com/,https://maps.apple/p/UBCJt6KRvt8Htb,22.327745,114.187075,3.8,ChIJ_0lqaNUGBDQR_6ZnbohIdEA,ATCDNfVSH6pRZhFJ3inbHaopGzbeayeTdMXI1KvB9k_ZBTDNyw3OpcD8ipBhvMLE3Qso5Rw6wpb-CH97DFESwvDIdQjQ6mwKSarQ0un0R9U1wugxKkwIGmyV9qZVpc0kHDoAUbdVm8jrYx5QrgdUFqoAM98Be58ECbjbQc-UcdUEbXKDwstwAwmw8nNqX03ZKOLN1G-BTFOR6CRypVSDNkr4bpsWOhANSig7n06My_7JjbMkL3GMjH4sTfPDFea00VTC4UiGIJRBt1MVCRSIxctIReoWMvajl78AWaOK_CwYdsJjFABrSRBOOAjH6FVC1BZPd3a3tI0_JkU9NbYSjT7pDPDh4GQMRM6PhLKKoB3qI8L0j3d5LIEes4FeFLEezs57E7mxB0_yjPkhv3oabm72m2Y5H_FVkJCsWdUGiUrHTiXf9j9NGbRRrO-R75LtJhgs
31,SPCA (Kowloon Centre),"105 Princess Margaret Road, Ho Man Tin, Hong Kong",+852 2713 9104,,,Mon-Sat: 08:50-17:30,FALSE,https://www.spca.org.hk/contact/spca-centres/kowloon-centre/,https://maps.apple/p/UVbo5Dg7gywWZL,22.311365,114.177606,4.3,ChIJJx5WF8MABDQRXNKzoUs2Xyg,ATCDNfUS2UZJM24Dx-m2kpT7vdFEgeL4Zo7A6ruzk5Vbm7cYRM78iZfXygQBV6ayxj5n6fTZTPT2it4O4BUfq9DYBF9YOtYXoQj6HHK7_eqtAAvFCsyoK82y4VVXjsbKim1QKMv6wETGa49JeMOgEpmOIl56AJLfPm3F8n4YPRhWmz5h6l6Pw1TjbwlUoYOrKeRx-XY9fihUjfu45d1iTmxMkcn-QYUsA9HwWLGTH8ut_8pPQDEUDnPRdPtRk9SlepvfIJuB3_K4sIYhr8QhcwOLsvtzuZJfy1qEWwtLtwfpzxOWlJ9DyZFUxlhpnC7AfDDDhYVWDXKcmDr8klQ3Bjxz-R9426sOAG0qYR2oKxM9I87KSQfOpMcRcG7Pbzc9cPmU_FUlGiXPUgLQC47jiFINTq1tgibh5tsiVTN7UEk2blk
32,Hong Kong Veterinary Centre - Chong Sheng Tang,"108B, 1/F, Lai Sun Commercial Centre, 680 Cheung Sha Wan Road, Kowloon, Hong Kong",+852 2520 2373,,,Mon-Sun: 09:00-19:00,FALSE,https://petspace.group/chongshengtang,https://maps.apple/p/eS.UB8qp21ua2_,22.338984,114.152157,4.1,ChIJERD5vEQABDQRe5Kxzn9MPX4,ATCDNfVXdx6sOStNoC-V1crWuykwWOh0elM4qDgq5pyEQerfEanVtObYb5f9qVF7WoYoZZj5Lmc6JdC-2KjPwYwimQpuN0wjo75N05_Wrf2TogURQnNhvQtHfndCNfYVxcqnMOoZk59MfQkW6VIzlpi717e7fcatXrG0iktMCkKQ0TAzMfp7SRSJds6DEXYMBqeUKBJ6JQsbeSaJCPiIDD5CohfbaKY3dZy4FdKcRuE7Ltf1LOF-jFTUfaRGCzHxP9QGTqa00Y6pvx3vHlsyC1qVDLMwv-rJyZDVN1BpmhANWOmStblj8eM7c4jolTl8Sry10snTntwlemNamunzBiMM5teBSEzNxs3_GokuLTY5ecTRm3J9U7uBFv9QMrrrX8b2Q9NCCS_7y1RRm6Y8E_k3C-eDrcx4-aAhmsubymuJDHILzg
33,Peticare Kowloon West Animal Hospital,"G/F, 2 Man Yuen Street, Jordan, Hong Kong",+852 3500 5800,,,Mon-Sun: 09:00-19:00,FALSE,https://www.peticare.com.hk/,,22.307413,114.167234,4.4,ChIJRRrnT6MBBDQRER6-gTbPkYk,ATCDNfU0Csp6AA-_PusIzusvrdgLTzDWOUuAmI7vOjy00XPHIHafZ8YcF8VTt7yZlERNM-7Q-6mTqtCdcFbO2uaEL_OTpiK74dKh-0C0E1qDfRdeYlti5zMfcJG2-StsZ-8i0GtgIkzyecyOj-Q5FRykp3m_bdyFabRf6VWjBdvJUdOFqJnmMpiM-c3SW4DuSrm-QdayHYNWvuU0syCe_zaMuE6o8qU2oQiFO-Cp2qU1wO5xcF21cb6Z7rFU-JmK_6mL1Qjtgm98LtfQ-pllJL4LjsGISk80YEsgaEeBPJOWsTEyiBkM9bZkcNphU0urhpBkX5xPOXtoxZPi79ODWxkT-gd-QPxoCDfSSZW7rgAsqDoJmNIyt27WdrgucM-90QaOYueemwx66s1ti0AcjMII567tXJYL83B6QfyRu0v53LpRpFvn
34,Macpherson Animal Clinic,"G/F, 26 Sai Yee Street, Mong Kok, Hong Kong",+852 2781 2386,,,Mon-Sun: 24-hour,TRUE,http://www.macpherson.com.hk/,,22.317691,114.172273,3.8,ChIJbTI86mxG_xMRE_KtVcWSi6k,ATCDNfUQ5Xnj20qCZuTaIe9085XjnibGsydja0mS3vrgtsSIec3U2FvUuDYodt2EMP6tG-Mwjt0vYcBHQXGq3SvhOH1EFuq8HLENCaSy49eUi_Ati21Ljpmj44ZvK_4m_j1i0e73Ia9hz8y351BXbf_5CsEcCmhUASy0NjanpZc_sbBiq44voUoymQ7nWeNo5MQeg8CI297eHU07Hkh4bhbIya0O4K0ikwmRM_G-QYchWV_My4HZt-jp-r2fCQR5n9JzNqwQj_vMPIil4x2eg0pcZ1PNoPm2dSn6HeVOw5e8_88ShPtkjB3ty0Vd7whYjZ9L_rMg9Hims0XfEpcBDv-AOC4BoN_PLjGOkrGbCiTjENDaZ2v_HxywwRwyI8SKZn8ZRwhDnVIU1NcHYI4tjRtOCGaIY3UTdO0qswJpW0iIPP5KdTI
35,Peticare Kowloon East Animal Hospital,"50 Tung Ming Street, Hong Ning Building, Kwun Tong, Hong Kong",+852 2345 6504,,,Mon-Sun: 24-hour,TRUE,https://www.peticare.com.hk/,,22.315984,114.22275,4.2,ChIJF71blE4BBDQRTQdhcmPVdss,ATCDNfULVdeG_jl-jsrfKqTl-REYQz2m2Ha-PRbj8IK1dhRMfZoPFhG5i_Q9SzJJiL8R4vjKDalFrXSVu6vzzG8YWTmJUsXX6GarbkPPCsUkMP17yoWu1Ktw2af9qS4fSaBlMiN4KB_BpNQFqpA9-VwO7_Y20OfSq4yWP7zbQfEOrOPpU5gUVyMkjJNoH5HDy6NJXByGMrrf_MYcCEDPK-77F9A_MxwW0rc-ofklM0YVJSYOuG4k06Lis_sA11pv4Mwi0ErW88TT1k34mWwTRv6xEZ7G-rE6Ipxfo_8C-y21Fso
36,Pawsure Veterinary Hospital,"Shop 7 G/F, Bo Yan Building, 1 Horse Shoe Lane, Ngau Tau Kok, Hong Kong",+852 3611 2877,,,Mon-Sun: 09:30-19:30,FALSE,https://www.pawsurevets.com/,,22.314681,114.22203,4.4,ChIJS8kRKIsBBDQR9iK9CUX_TNs,ATCDNfVxXywKYUrdSLnqL9iyQhk_OyWtjpEepPVizD5ysQamm3dW0BUVxGsJbI3QxbiCq4QqjMAhVTx3ZM1Gp7i0bn4tvI4a9An-qsSCxu_GwnvfYSJ8Xg31TSNTVCroesXapBO3PeBmDAjpVE-5KObZBZh6e4RvrQvJIS_Q4HL1BbeOLlLD3OpbUbnwN_HdqGP6S9ei4j8wjLuA2gCKRdvXelUe4Na9tWriRrzbPYGhcINc5HHWXy-9Ye212Usx_H_WNZ8C6PYerXvgTeVTSLsqEkBJt_vKY4NF-LgFgE_7VVIRwQ
37,Petcore Veterinary Clinic (Yuen Long),"Shop 12, G/F, 110 - 136A On Ning Road, Ho King Building, Yuen Long, Hong Kong",+852 2394 7300,,,Mon-Sun: 10:00-20:30,FALSE,http://www.petcore-vet.com/,,22.445664,114.028347,4,ChIJuxskdp_wAzQRdyD_U8a2Vzw,ATCDNfXBKYHJo2ORbqxCWfT6Y_L8hrEIOxwFsAUQ1scCyOG0_9rZv5JUDxJN12NO4zvqEPj3CrG3jz52lYfYxrtW9jNdZoQBN9I-kIRXYnEphAjtZ3rsPqanbzEjyor80ErL1Vk6ch4nIdrf44P0SoMkwQ37ba6zskF7lbZ-Mo9sKaiRoRh0iQ_S8ErTGVn4cN45omUr7VO7jWZr1C5i70ctrGo-LcO0F5D2-74lCV9zxpLq-2vaqHCQxPnSMAF5PJIqYBaIB1_M9pVTr8QRuBLbALy9hwX4XhkkLmfxdSb5YWE
38,The Aim Animal Clinic,"Shop 19, G/F, Kin Fai Building, 69 Fung Cheung Road, Yuen Long, Hong Kong",+852 2470 6683,,,Mon-Sun: 10:00-20:00; Tue: 00:00-24:00,TRUE,https://petspace.group/zh_hk/our-clinics/,,22.443329,114.033679,4,ChIJsY4g72j7AzQRbprk-YCxTfU,ATCDNfVjg4KBZCTSC7m9kzPCPW9sMd0Z2naxLkzwYRlqQqEnqbQOc_Z68_7HD2K2WXf-E6BOj4qkfEIxrMFlYOgadDKH818EZRD3oYFLmu-c4jE3CcrgYwAeGeya8gHTv6JVRO0xrn7pAJnpOgIV8dOceENafQEWTKqqb7iiQqv29uYhWVridErnyI4SRnaGRKuj7C0WBhkqtgYRRTVUueNcj8qaHVcRsBPpj97ke9w-NIW_jgji58fx15Tscf7F_aT9q6rGhsQxQBHJZhiWc8yMn86hs34TWAgUOWQ3HfnonwiOXjBx4DmEt7AHcWuIU_86qrksMP5IKai-3HxJ70yY_wNGtB-7c3YPMnxfsxpdeXRkaDUZV6g3DSwcAiikGOa3S9H0nwk_hK9CyMlTkUryYjtlv87FbAQcTAmdbYxFHT0ZPg
39,Northern Animal Clinic,"G/F, 55 San Shing Avenue, Sheung Shui, Hong Kong",+852 2311 1707,,,Mon-Sun: 10:30-14:00; 15:00-21:00,FALSE,https://www.facebook.com/share/MYB76QTSS9V6hcEF/?mibextid=LQQJ4d,,22.505021,114.12704,3.9,ChIJd_29LxD2AzQRyg8KDzzgaT4,ATCDNfWea-midXdRrVYXLtmt1Wt2qGiRf0yJvmMKEPo2pG9JphgeV4GzkckjD-jUOeEy-M1jgLVigI2AJK_sPoqeLKLwjo88xhxPKQiyKTJOzNIQ56G5Nm69HUqMllY9U5iJQe1uJI9FalkcxUoVkxN8VQjuKUa0alhJ_-ci-SVb-OLMNtnONIhi-Npt5Tgj75QxChGTwZ7KrbSiOtXkXz-UXwyfSX5WJrdA_VwaTjMAQ5crzEioMIYV7QVTKbxu4JLIAIOE5anBQutLDmw6kOH7ABfjbNf5ZnksQZU6q6K3dfw
40,Creature Comforts Veterinary Centre TKO,"Shop G18, Papillons Square, 21 Tong Chun Street, Tseung Kwan O, Hong Kong",+852 2915 7007,,,Mon-Sun: 08:00-20:00,FALSE,,,22.303002,114.263454,4.7,ChIJkfZr5NcDBDQRMAzEs49JDfY,ATCDNfWQ0hjTtTJo5qClr5uLJhGmm9lScA9_gWiaiqJNZfwhLxORkcgU17x8UizTojp2GX7iyCcFLhLgvny-tJBnrVyP0kdt7KYnm4l0JUV-kTHcJnYfaVhayaLwGLBibhwzQhAg4NqKDTTvJ5YFxRdAua4rGE0z1e0ORqTH7hunQdCk4jhVTzcimlr47of4c5TQRtSzKAKq4zbGVfjO6KGuq085v8rmNvgtOo23_IZzeV8uVoBm2CWAxoU7Y5gI8W8bnTKCxDnMZXttGBOjU6HicqXQlGr4JjmN1UoB7qUj05I7LQ
41,Dr Eric's Animal Clinic (Tseung Kwan O),"Shop 9 Savannah, 3 Chi Shin Street, Tseung Kwan O, Hong Kong",+852 2244 6898,,,Mon-Sun: 10:30-13:30; 16:00-19:00,FALSE,http://www.dreric.com.hk/,,22.306227,114.264117,3.9,ChIJTUvPEfIDBDQRD0GMq0AaWY0,ATCDNfU7yeYEIvDaHzihfHiKEUra23CRdmweXuNXMyCTrmbhvGVwGUoguvfrprCk5p7kITObE7zXP5tKjopafHwEUVn-xdPG30VOmiviyAcW9_GDJXCLmTdARm8LYRZMpHATmu4nSYWWSlYWGYFtCZu5EkGOCWrQCtH4BM1q1Vz1poGK8zno211UVUSpHKtLrFyyfK5Huvh_ktoooOMIPzlRl_VTkEl91_fZyrE25j0GNtuxAh08YWCMWWzR_d1DcTRdtkJmQ4Tgk-ENBwb67_eSqrjWlD25HCPHa_t8MhqgBhZjqYrBxCEzGPq1xJE0--dbqL0aTqe6Qo9WO7c1ajhH7z_LNpctt6VTb1fcsfEX5HCkp7YzxlBSpNG5i51MpIKwq_gagLdfINftpmhY4fSWmdY6V77GWyuoM7Umx2DBWJHjQ0e9
42,Hang Hau Animal Clinic,"Flat A, G/F, Block 3, Hang Hau Village, Tseung Kwan O, Hong Kong",+852 2719 1019,,,Mon-Sat: 10:30-14:00; 15:00-21:00; Sun: 10:30-14:00; 15:00-18:00,FALSE,http://www.hanghauac.com/,,22.320855,114.266285,3.7,ChIJ0evnyLUFBDQR8f9NDHXy66g,ATCDNfXTgkHKzGfGr7SH40H3uqCXmFl9ynq1MKs9nOFwqaXokf8-IznCUQAe16GrsYNsft3aGUNDeqO9bX-kwMpbKCZ53RYkoiWN8j1BVGiuri6MD_OTUV06rB-EWF0n2NywADeecpCpiEqGdP2LwQuFpRoIozNt5mjmpbtKNzwZiSAyVliiZvdiDLbfp_0VN6EY_Bz0EKGGGQaJ3-J3OfejIn4GUb5lQiwwKnoX2hRx-NsgZ133g9CFIXAgHLLSy9_s_C7_4dhx7pzxG3W5l_DUBE4PmeH1oHLGXRJ5kJDVpD8FXDoRWRw9yW4zVnuocqTlnF_Sf-w_TLYA5U4P_asBdcognhgMUK8-4KF3BxxxWHaTNMKHVxraPslrrvHy9nRkO0UjGZFHkvXcz-8wgc7Z7l36MKxjzv43nZ3kyFUZU-E
43,Pet Space Sai Kung Veterinary Hospital,"G/F, 208, Fui Yiu Ha, Sai Kung, Hong Kong",+852 5340 6101,,,Mon-Sun: 09:00-19:00,FALSE,https://petspace.group/,,22.380073,114.269074,4,ChIJDXcxqM0FBDQRJtIf-yexbHk,ATCDNfUmJJ-ix3OxGPFbmQp10E_KIoI18Pdl6E-OY9Di3f1h9O3k_zfbNZVnrHi11cxhRrJBWwm0Pt4ISFW6iGl4yMvvAKuJJH1Uzwl-iQwUSzAX3cH7kUOJBiLm_oxTATQ2CC-WDAzrPK6LrYfXzRIK6F93m8Pd1lVUnz2ex55qzZBVgNYkvcOqWSqZP-MVMZP4uYCdsOhCZyN9l5YRcJHBcprS3VNosrAEvm-rDQJq4WO1hvhVVFhKKWSCCv3GQ6MZGfnh8uz5ZihVqoNnif6Ys1jtaTYIGCjsJG-TFbYvuUMGSg
44,Petcore Veterinary Clinic (Sai Kung),"Shop 2, 66 Yi Chun Street, Sai Kung, Hong Kong",+852 2394 4228,,,Mon-Sun: 09:00-19:00,FALSE,,,22.380415,114.271747,4.7,ChIJkwwYmUMFBDQRJIot3R3i168,ATCDNfV3EYhMil7kynK1jXYK5wQHvNvs8ZnsyC89LnarHEL2sVF49Np1bXvD7tuYQqJyVfH74Mr-j9Veb1l52KAeVewTWIChdnhj1Q585D89Z7Rfl3Qekp3bb07FR7fBLrkhWy-HAVY32hesqwzfJkchfBTBttGVmKGoL4Dz50qOfEGfYkxsN9gLbsjZuApv7RV3LoqSFJuZj4xqdAbRkkVlHfs7y5YIioFjp-GEyMlprLdGCvUwv5yIYSjoVOBZqvH3MTm7yBA3NXBmxF14LcY8m7D3w9CpPAU97W7TNyak62Sb2Q
45,Sai Kung Animal Hospital,"G/F, 30 Man Nin Street, Sai Kung, Hong Kong",+852 2792 2206,,,Mon-Sun: 09:00-18:30,FALSE,http://www.saikunganimalhospital.com/,,22.381602,114.271843,4.8,ChIJ96Eker0FBDQRsALA-GAEsTM,ATCDNfUKklWpCOtG-qCvli2jKCsKgG6hraxBWqtHoKcnSa97k0RRFrLP1GP9NKU32CbHVbAw__-ldwUxd9hVdADZpTqNadGBkzOSBm6jPrktN2wYTl8fFQTIxbe7kHVbNZWkk4myLurGtmgLZC0LCggXFLp5C_N9QivZtYCycodozsCNK851FSzg9ItcnVIunAZYDx0-GcHH5mDtZPXf_4NO4I9_RPZkAw6GLLEEEYEhKvdOU2C_eYdzCVX13mcu6_KOYbgt0a3cAa5H7U9ekSk8spX2lb8KwxwDT588vSgl0sVRuw
46,SPCA (Hang Hau Centre),"Flat B, 2/F, Block 5, Hang Hau Village, Tseung Kwan O, Hong Kong",+852 2243 0080,,,Mon-Sat: 08:50-17:30,FALSE,,,22.320502,114.266619,4.1,ChIJzZS7ZXQEBDQRA8WaTrr66qU,ATCDNfVT4upfjjhdlOlwNCUxHDR8Enyc1oHHMSnuWxc-HRRZp7a1ySH8xQiOpLNyt4q6OWhUI3UyWJjSAWcJq8LlQ7MFbGsW8eBtOchLMNkegHyuX7LXOj2trokW0RRkDBC64GZg4XUNz2r0O8bS21Rvev2qQ0fAICkBwoDEgtX7k95pP9J-R4GhzS5D0CpSRtGGcO-EiyHvYnBIzuk5DJKLRz57bwErNCkngLyZokWt4Tr0EsdN2GOCUuiUk6EGRJx7MqigBs_812JJtzlIbRmwU3Jca9tSrLhOu9of5NRpZ2b4T7BDQCGe5QjkMBHp5voBtm-BdGp7a6MLFTOIlcOIN6ndkF2NTgK0Po4oU-hrqMlJg0-lj95aw0LX5o2MemR_-eHZHN1_8SsKA18NHEfGe1WEbr6e11M5Cx4dMvl0tz4xia0n
47,SPCA (Sai Kung Centre),"7 Sha Tsui Path, Sai Kung, Hong Kong",+852 2792 1535,,,Mon-Sun: 08:50-17:30,FALSE,,,22.381149,114.272201,4.2,ChIJ8VwQcb0FBDQRONWtPQ10gow,ATCDNfXvOz-AiOz1m2LleE9yBiNkWdzvhlEY7DH_IllYfbyqRTWtSrN6esDaejaiulwbGQmI1aA5err-Gfj6EM4IUnpOCsdN-Ql7RmrilyiDV6AsuKByfb40ZtbJGeffiXIT0MNyccmDRKJjfm0ccuEVlQ3xHi8MzgSEzotr7c8re-7M9C5ugnPi2a156PLtmqBwnl9fxUTzM5Fx88wVt6UO7SwIqRyxxGpZ-nuQySDLV-Vn6FXVGgozYuQ5X2s1LVfz2VY1sVz9f_LGm7DP7AP9zRaCg9CHYSs0Xo0MckXFFHA8H41u40tVAM-OGFcumpdR45NWOeeo_oXIQLI1DFsGGXkrpwNgy4boGvuTLfIIhnBAfZ5HtkeStyOvYgyZfBSpS19rsUS1pGl4vm0SjGR1knUwS_Z9pZuGPA5ZrXPPKiZv2g
48,Pet Space Tseung Kwan O Animal Clinic,"Shop G6, Metro City Phase III, Tseung Kwan O, Hong Kong",+852 3194 6001,,,Mon-Sun: 09:00-19:00,FALSE,http://www.petspace.group/,,22.322849,114.257011,3.3,ChIJrwxF_gsEBDQRlGD7bvOn1mk,ATCDNfWPlO2QIuvW6uutw_4n6GmqIbrf741cY9_8LULDiZqifk8kcQEY8D1GbqfWwFPX8b0b9UbwMZib-fe_7nct2CnDD-bj4FgC7mhNcznwGpBtLm4vbkHSC_8Wvfc0LHMhrYpeAKExuO4CyLigzvs5BkI9k18VXSx4PJmu2IX8RmvaNJJgHuYO3ilkJ230u93ZaDfeew10bPsF7YEXER-HBwRHxYw60tXHJfPnSEqjB3B9MqJh5PheTiOFXwdzTlIeCHSO5AgVB87Rks4M6n9QDE3_MiDPggvo8uxmsxzKb0CHlA
49,Village Vets,"Shop G1, G/F, DOCK1A, No. 1A Chui Tong Road, Sai Kung, Hong Kong",+852 2323 2933,,,Mon-Sat: 09:00-19:00; Sun: 09:30-18:30,FALSE,http://villagevetshk.com/,,22.379933,114.268629,4.7,ChIJC5vmTu0FBDQRE3KvAr4UQ2Y,ATCDNfW7GPaX89KeGT0Y3MEdfTASNDoN7G2U-GqJItD3VphYYCl3X7Zc1VbDG0-7Gws_dyDYgTcP7eye_xUZjzOR4r1N_30_SpsvHLO65NrbsV4H7h7R24svSzOcyidFUM45IBz8LJwKQG8aKbptv38Z5ua4YM3cv1TU-JxsRyzNlOwq7c6dC2VAETRwpnJmBK4ukFvrVfmyLvYzwugzDET2d5Xd_YAZ7yEJAZ-a_28qWG8rPeAUI8WpUdOYgJTXCV6PNFia2YDrLhixgXw2vnBGXUjog7PL73AzRu-GisxGMt7mJQ
50,Pet Space Sai Sha Road Animal Hospital,"Shop A13, G/F, Ma On Shan Centre, 1 On Chun Street, Ma On Shan, Hong Kong",+852 2630 5980,,,Mon-Sun: 09:00-19:00,FALSE,http://petspace.group/,,22.425552,114.233354,3.5,ChIJWeEOq7EIBDQR_kFSxXH9TI8,ATCDNfW_HJ1eZ8csRAm3YX5xiDdF0WXjtPwagvKhqYo_69m16aJx8nFzShWDjE1O7fBTvnoHU7gOjiWCunFIXCkmJGKzYb6kmBJQYmFoQ2FOJHEn3PuDhDIsw7a8yEz2wXY9kucXTM4Qu2PgS9PvDn9jQqVyBgGScKD1lE3nvcA23pkmbWrXctAPG2-bwxsa-NuEco0Yq8zokooFIVkdsQikGpj837MP9TtqKYI6QX3jlSwAfnzw2WAXYr_rcDS0KBeNn9mVBy90AYuWfIu3ZgTwacTdj2zkKbWPERKQnn9stxSjoQ
51,Sha Tin Wai Pet Clinic,"Shop 3A-3F, L1 Floor, 8-12 Sha Kok Street, Shatin Phase 1, Shatin, Hong Kong",+852 2155 2568,,,Mon-Sun: 10:00-19:00,FALSE,,,22.379516,114.197419,3.8,ChIJb8xXKVIGBDQRgnCrEQ9JrBk,ATCDNfUNUonvGw5kFhngkIgozRXTIaEoEvYdmRuJgguVUpzig1yvxF9g_4OPvgU15oqUmCJMvxgcC2KaLC3u-BAXU-w2JRRvGaWk7ySkf9HCW-ftoqTDwMONemuTXwMKF73tLCLBlc08p2KKavZWk7fvDL5vOPkECvou6oWW2IdZWjPQl5MITouB_PztR8XD_vIcaWeF0oFpI-F4x31O68zHq8GG0qspWEUpUzo_QFigM-Zi9JU7gSpOCXlZj7YuIhgvbU9QE_HrrQ49pdC6ET7mGe4eRzw3OmuzpeCQ6K93OkQ3l2qiMMEqEcYBWYTmEYSgH4RedcE2LWIqAtDj8UOiwk4Y_rcohCskhCF8qlw-rX9iE2uXmi4EIZF_bK2CMc471qC9_AmC_5fSZzfywAiWmC5SQTQbhI2zgPf2i975wvrRBA
52,Shatin Animal Hospital,"Shop B, G/F Hing Wan House, 74-76 Chik Chuen Street, Tai Wai, Hong Kong",+852 2694 1452,,,Mon-Fri: 09:00-19:00; Sun: 09:00-17:00,FALSE,https://www.hongkongvet.com/en/,,22.376875,114.178793,4.1,ChIJNcEklqcHBDQRBmNEaGphr6c,ATCDNfXFLKDdzcOq-GGPlwtijPkwGjqsUauuSxaaDKLA78sdF7p3hF6VTyu_p8rwpXjkZ6hnzJ2ccI_vitMlzhQdGADagtdlH5rGaGOoFYJ0ZQdN5D3gXM3eSNBwI0llY5XtlDYGeRCP9XD7HhFNroiTbyVCzcSjkVIjiUzdds1cq-fv9YfoLKs9Srm5eKKXRJSttp1XP-5LO9rol8rrgGjWTcrMx7DZCZnQlw7Xf3NhOrxAwqYjZ4-6cmsrERqmJnODq6rd4KhfTRl9ruy74J8DKCN0g_y3v9sekMIROc_HCjdK_R18HpAtw0fYcG28OkBkKccLnUQEAYN3eB1m3ON6xV2UsD0STiRCiwsTuWabH6QS0dH5S4h6c1e8fxr7dhCVMAw8zNVNbDRtGFq6EDPZm8u16sds3xdug4W55TDWPXdmLg
53,Sunshine City Veterinary Clinic,"G/F, Shop 16 & 17, Sunshine City Phase 1,18 On Shing Street, Ma On Shan, Hong Kong",+852 2677 7008,,,Mon-Sat: 09:00-13:00; 15:00-19:00,FALSE,http://www.sunshinecityvet.com/,,22.422928,114.232611,3.9,ChIJrzOB_RgJBDQRoXJkz1H-siY,ATCDNfWl6qZaADmB1D-8FFGtVXagQsoKnsvaguMmSGEeNpNitWmaShOfQDGP7C17ONljr7itBorNFhwS40uzrhbDDDhKnuCRzZ_SQUS6hEm8znAGHUfmFRSQggtDLWGAFAWL8b9rJYwX-Oe1dJKhmKX6mX-AVn2TaCR2axiLO4FHP5QzEIv-J9dxSSg04KF7aIWylqqcc-ImaO4SvvgXiZDhC2V-47KplLYVE06Pip_eVYnKbLW8pPeJdoBWgh18GrbHXMuJ5-Nbrtofk2kzSjjDxCCDaeXRCcMYxVCI6MNKAgSwp_SD9Oen2nrXW6lMefK-XY_gRis0cQPSrDMJ0Dgblr39hrU_7flTGSwkWhNmFF4RCk7xi4UOAecD8CilggxQHNLP48_F7ftZVNY-Q1BSTnTRGC_K9lk5lcKEUqcl4UZ7CQn6
54,Castle Peak Pet Clinic,"Shop 12, Kai Hei Land Building, 385 Castle Peak Road, Tuen Mun, Hong Kong",+852 2404 2511,,,Mon-Sun: 10:00-19:00,FALSE,http://cppcswpc.com/,,22.388463,113.980073,3.6,ChIJw0yH0RX7AzQRHC0Os0KInpM,ATCDNfVyqDtN4mKr0rai7kDdMVyr_WE9SrkrIi4KbQcA-6XIDIZfhbVyFQ5OJdtlYPN9nFPDr1iHmD6haCY4e-ojE3kE0jAlFYgsauQ66h13HRo4Z1mkDtjysFPAvkQZPURWi_zzQcEd1MQcDowmHmP5m7c8Inw8ZAp7Bb7LZMvN0GQ-xQ6HTRpmOy2xIEknFp8MowiT38qMAeVxLPBRzKP1F-S9H53RSWi-ToTUYr4wnxPTAm0w7dmuPYs18Bl9O5WoslHfYCopOP21tSotdwNLrVd9Z9mhA9pwb7Sa-euqkB3naw
55,Pet Space Discovery Bay,"Shop G38, G/F, DB North Plaza, Discovery Bay, Hong Kong",+852 2788 1599,,,Mon-Sun: 09:00-19:00,FALSE,https://petspace.group/,,22.306513,114.016182,5,ChIJdbwkINf9AzQRTY1J3uy2JUY,ATCDNfXRl6vA6em89w_YfqqcZ9dHib76FE7HrR7RMrgboCsgOyICJwkkBWqxFZlJDfBy2kXcb2HH966Fnxq6i5f5IwP1XLLZiDTkDIouEzMhUtSu3jz5nj1K93JaMoRMnEPz_-vtBR51UTGQ7vKNoJW9l-fSXhZVQjpxmqQUdBZCBVVdZjw86jeuJ3YlUfSBUsZtNS2Q8DkCD4V8dFty523KFSazGzrd2-y3HhHl8aSdXe_3hw0jxzgYBRV481LwcVKURE25Tyg_OM4es9c5LLAMxSSy4UdERzB3oMjNwbKTKS4Pbg
56,SPCA (Cheung Chau Clinic),"Tung Wan, Cheung Chau, Hong Kong",+852 2981 4176,,,Tue: 09:30-16:30; Thu: 09:30-16:30,FALSE,http://www.spca.org.hk/ch/about-us/spca-centres/cheung-chau-centre,,22.208439,114.031098,4.1,ChIJ_3ilB45WATQRfVtg18Hu9Og,ATCDNfUXN49XtR5K8ZrkJOWy_seax2MX26SMLSCIpE-RuHSE7VW2tbPv5mwoiNKckq7lsr6Aw7QrbGZY-hLDdCzhOgq6ozK67G5DnYeuxAQC1k5ovakzpjEGsoLoumKq7U7hVB6_Au_ZIPl64xpiEkKoSteNCOCVlYMTho9hj_jF-Hi92SrzlJGCmbjHEqa3Tk8OSN_7jrEbS2SK6d1GRvST93UMUJY8QItbTqnNYYJ94O9_cJkSPij2L2a-7BltNesyldeaVu3-GONSBVMKaGbv-bb0DjJU5Aqg48wEjclw-wAXwmVHEtS7wnM2vcvymP1S1XpZ5ggMKtXj0O0gTyZkSx8zL98c6RswtqvH6a04RGXNsB1kb32lrCeUiLGp5hI0lOExhR20HsqeUg57GawLCuq9KY9cP-vo3QFsdPXfDbcZVaM
57,SPCA (Mui Wo Clinic),"Shop 14, Mui Wo Clinic, 3 Ngan Wan Road, Mui Wo, Lantau Island, Hong Kong",+852 2984 0060,,,Mon: 09:50-17:30 Wed-Sat: 09:50-17:30,FALSE,,,22.264246,114.001648,3.9,ChIJt5NtNitWATQREKoa-ELYFOM,ATCDNfWM2ItvcZUJGUn7Up8-4jLbg6uISzAo8ncNYKvTdx7Eb1gZDGz1MkqGnVa2OG0zYS84A17c3ygGki0A8i0b3RikaAtXCVSTEohERhEdkc7wwP6QgcjRP0jG1cbfIcEnC2Up304ou0JW_yBBURrbENybsmBDVU6o5aX0xKRGSLnSLWOvKEsw7UORLzaOsjwF_8uIJ0id3PWVzN2H6Kw1CAEm1dfkECrtgKXNid9ApHwjcNYWhDVZnHWPOTriOdcEaCUbUoFGallx7sAAACCL-NJpJBkIQvjX1kRNmfGl9bv2A2Rgq3SyuAxjhJOB0UAxTqYfMPAbTnkQamN0Wx6Rf7eiue0int6k0Q0f11aR8zddlw94Sd2fQRZM5A5hcIG3sxYHMa6hhQ3kAYhIaFyszobVNYqrHya8blaoZ3-01rgGAFX2BLKkAbT8eNBUUQ
58,Tung Chung Animal Clinic,"Shop No. 7, G/F, Ma Wan Village, Tung Chung, Lantau Island, Hong Kong",+852 2988 1534,,,Mon-Tue: 09:30-18:30 Thu-Sat: 09:30-18:30,FALSE,https://www.petspace.group/,,22.279695,113.940936,4.2,ChIJYQzcxKfiAzQRom7-75qFly4,ATCDNfW25rb0oy9YbqbnwTYTiQY5us1m_xZBk029r458A41M771Pjr5i3MuD5lwEapck0YQUP763nwW7N0iXzSQkMudFBK2eNdGag3PYpE4e4sYhl69OorN2I0wQqvozGvxQ87LKA_GDqoUkWUt4tp6jnvIq4PvEWj7waRyybOf4MLgOwpi6UD4vw8yLDs105H7GX0a3Sm6E0uBMinbdG93_MS6A1pTGV-v0eF7hfUxiBUzCYGAVas-Pi6RB0wND78pJW4AVrNSk5XAB466oLYHgtr3vAulwOI6rXJAPIAIoAQPavPMA1Q8KX011zsjYsy8BJ_4Ptz4jhjcWIzytCAlQSL5RiOGnJViXDenQHkreOwAStXnB5FQ9oOy1iivutQo76_dUTD5_JGwEpaE3ikfOFHD8m76oRl3uV-62y3bnOIBgIA
59,Creature Comforts Veterinary Housecall Practice,"Housecall, Hong Kong",+852 9773 0372,,,Mon-Sat: 08:00-19:00,FALSE,http://www.creaturecomforts.com.hk/,,22.280151,114.22512,4.9,ChIJUwMepXcBBDQRyZeyNCtK3Es,ATCDNfXhSkiXYktpTJxvrS5Ctvuzv06MX1I84KXmt33Yg5FSGbTCTxJi2Ljg3W-s9gF4xLKaGbZ2mYKZU5uzBg-AOm8vbRSZA8U-N0aS97qwOIquIJFS2D-ZtHi-dMzR7I5eQfoPRUu0qxKFrwDj76Wp1bB6D53C3RkaH6uxMgxfNc6xrLtK8PQj-B5BKNPHyD_h9WCU38EgdhflIGi4WD7hiOPoN9ldooJ1oOT07_LPx6SV0KShsGGSgFCodohWSvko5zHwPIvR5vwouz9ntcXpf9Xf05QM0igOtQC7sRudX-0iZw
60,Hong Kong Social Enterprise Veterinary Hospital (HKSEV),"Hong Kong, Mong Kok, Nullah Rd, 44號號地下",+852 2632 9755,,,Mon-Sun: 24-hour,TRUE,https://hksev.com/,https://maps.apple.com/?q=Hong+Kong+Social+Enterprise+Veterinary+Hospital+(HKSEV),22.323815,114.170027,4.6,ChIJm9fA_-YBBDQRGzaqeH30Ukc,ATCDNfVVHMIOOqnpNDCRYF6YQT5bIoxpZ7-B31UDJG4FBcbIj1zASimkEIK9r7dbOXApRLtwHAv_5FjFS5wVJA5t9wtSzLCX1E1HEhjrZnlLaqsNdHRaFZ_6AtSE7ogUYMvJ2TbF_QhBo6FqG4m2AFV7GCNmkPyXnT6DTG1skUgLdHQnSdBNFqiubkC8xPkQXTSmsJrA8eY8wYtuhqr1ZtRHnsF-VlRMCQDYWfFyUyhe-AW4PCyCxfiwOcTtok5RyoOi10k1iRK-sBbDPtr25faLdUtuHXlgWaUMFQ_Toy9HpZWl_bQ_y-1ojIro8IHhK_NDxuf4P_Xbe4hBcDBCXASpZq5hyWV-B0sSLMjekJ11vXkqTeQp8OHS1p9f8Il3_gJuw9Mr7nx4SGQwefKq3faySvDnH7zTIsfN9f0QOHqhVs-HXg4p_Jmo5sXu433Y7xiv
61,VSH (Veterinary Specialty Hospital) Kowloon ,"Hong Kong, Ho Man Tin, Liberty Ave, 7號地下及一樓G/F-1/F , 7 Liberty Avenue, Ho Man Tin",+852 2408 2588,,,Mon-Sun: 24-hour,TRUE,https://www.vsh.com.hk/,https://maps.apple.com/?q=VSH+(Veterinary+Specialty+Hospital)+Kowloon+專科獸醫醫院,22.318874,114.17416,4.5,ChIJKZ0l9IIBBDQRoeUINiKgm5E,ATCDNfU8sEQ1ohovLCiO08_HM_1QggwFqGh6DDKzxLMS6E_UvaKElodUm1xhJj6AZjQ9icoO8TgeeSXq8riWRKbSIribLUbdPV1dXcOoBKa3Yf-RJZPeWp-KrSXNo3z96atEHKyAj0W1z12CR6gitQOSvylsE4V0alsYF8rkP0kJU9VexG7oYvHXFgd7dwSHFZmIqB4yuIKAgM3c45H5_Lv-sO26LNx0fSmn4aKBLzX18s75Id0meUwEzkCXYf7f_-EHs7MTrQioQOD6Q5Tz9Zn2hxWEITCfnjmgKoECGuvNbf-TkA
62,NPV vet,"50 Ki Lung St, Mong Kok, Hong Kong",+852 2393 2070,,,Mon-Sun: 24-hour,TRUE,,https://maps.apple.com/?q=NPV+vet,22.32559,114.166432,4.3,ChIJeUsLGLYABDQRV2blzmqljg8,ATCDNfXsR_tiSFUxW7x6WgEsbhQzYgEGh2uV5dnWBzgTbj8liJ5Yqw5NzlcfJH3wKOF2jcsSQezIA9nZc6Oi7tFg_bihzZN6oHF0KCUDSXAIpg--V71-YGa2dhGiaVqWpfwA45vBMlFPAljKu19QNmUY6fENdqjQggfV-Ad9gZAqXAxm02HYJ0lgNNNtGflAKMrRhkD6ijcaTVdDp7jgzT8dthbKVpF5W9-axPFzCdSImUGtfTOLwmd_QCzMjzeHP4E6RaGA1elP7KWalnDvd6DOtSOsCT6wXv84JpcPwXuRBCpmIBHnerGLm7l53FJcxMbJfbAhUh21F4LCh9EUvkjWKDgeypDwy9mtNDFQGuwSa9ltb27JzIB0tyfW1vOeRojXBqXbDWkjm7BWxt_5vXjmXt8am4ZH13pHm9IspbNOe2yivsO7Hxn2lL2O8itwqw
63,LEAO Animal Medical Center,"Spring Sea Mansion, Shanghai St, Yau Ma Tei, Hong Kong",+852 2592 5376,,,Mon-Sun: 24-hour,TRUE,https://lamcvet.com/,https://maps.apple.com/?q=萊奧動物醫療中心+LEAO+Animal+Medical+Center,22.31351,114.169153,4.8,ChIJGfQd0-kBBDQR_CvIsElzhtE,ATCDNfWcyp0q48Qoh9Dva7SqW5MmlD9CxLLs052R_e1-guxF_ZfPoZzT__lSdOjj-tSFbhciNnoJsIQHDMq8PrLayBJQNEcrYE3vYTNY0j0RC0baZuROtrBdgdNaPDpffZ0O9hK6SjBleWbEHlSSfwV-n_65fXx6KGrjVUmZSWVfgYsN0uOMTnEWK076boMjYR7tibVRGE2Te2JwiZbSWAs4RMAhqAMcFRsSrkQv9EBNG5Q9GgG7tyACHzCcWutZQdPFVf0ZxmZ9dit8WYlG_Cg8JEN3-1bbW0TQBc6rbb2nEeVvfg
64,VetiVa Center for Animal Wellness,"19/F, 18 Salisbury Rd, Tsim Sha Tsui, Hong Kong",+852 2592 1000,,,Mon-Sun: 24-hour,TRUE,https://vetiva.org/,https://maps.apple.com/?q=VetiVa+Center+for+Animal+Wellness,22.293914,114.172825,4.8,ChIJe4WKnRQBBDQR-jeAM8FdY4o,ATCDNfXXoqWfjBNRnt1ubnd7TSp9UdDIkujursny52qUHQpl1kvdp-AFyVvhaFsDeX0YNyCYqjDSry4W-9h033ocjSfMQIrsJMtUFM-XbbFAZaDCthbTaby5-OfYRq8-FQofQOJIGXz96EJk5v5PaL1xnU4Ks-w6r-arVNLpqom47qH04GFmPXPdYQSVjI3gLUhCi_0kvxjcqcB0Y-rby9-ZCg_2M3lqLphmICwR9wU1LpDn4J0Sqxlnd9AcM3eR54ANeaS1z-kVTNdUKxvKhA9lFKeZ8BNhS1S6dZW3Nw-zhj7Ipfcp5ZeUfokjSUW885DWzgs0QGedjwPhLg8AuOpZKlRCcv_i_1z-mVh8bkYIRjFCqXzWgVEiqeHS63YExcrOr4Tdu0203xGG02SjPC1zHaWjIcCN_kAHZ_UbuEKjl42v_hpLunv8g7BIPcyZZujL
65,Southern Cross Vets ,"G/F, 22 Apliu St, Sham Shui Po, Hong Kong",+852 2309 2011,,,Mon-Sun: 09:30-19:30,FALSE,http://www.southerncrossvets.com/,https://maps.apple.com/?q=Southern+Cross+Vets+南十字獸醫醫療中心,22.327143,114.166102,5,ChIJnx2BA80BBDQRg9dlSeeSUUU,ATCDNfVHUQlxln1Wt4KMxvUxhdF4kzvq7ud639lQDSTYeLj-gZL9D0TBx1GoOxwBZgmrn9htn787iSz73xPR_SeiEemB-ETjD9vWJ7ep8IAvsCo8FWkg9ek_tSYOTNEImAu6I3x4KPJM2-zjkSoeEvzFJwtdymngdDBGf4zZJYB4ZMmQTq0UO_cZKJ1ybCg-4iaYYE4Nr76QeTjT4o_9LAXdy-J0zna3oOmbO8YZX2ZYSMhpv00Qm5gTH_b_DXskgf73QSExMBEUoIDJ7lwPBm3ZyjKR22r3FO3ti_UXYEdaVgNc8fB3ArArQ1XxBGJg8FrAu_AQt1pOtj6XestVRAhUsHg99g2DKQITjvj_cBQTgJLch9bm8gMg--JsZrLu0aZ7_9VT8kQI8po7bAOXE9vCU7sSbt4kaK2vj1DWp6d7DBrXsSXPUvWGRHIsFEgzs0Sa
66,24-Hour Concordia Pet Care,"LG &, P1, The Ellipsis, Blue Pool Rd, Happy Valley, Hong Kong",+852 2679 1000,,,Mon-Sun: 24-hour,TRUE,http://www.concordiapetcare.com/,https://maps.apple.com/?q=24-Hour+Concordia+Pet+Care康迪亞獸醫,22.270048,114.185577,4.3,ChIJxb4kyrIBBDQRQpRO_urHOuM,ATCDNfV-vTj2MMIp4Nic4RzPwgkvxT9mwVnGdhb3GmVMDZ4-DxEbwFC_asVmmFD6Wliv-QuZzc4RtTwDtSs6CUUq2jX2U0uV35scVKWcMKAt4z7r0fw7AQO-LeZD3nepfObNhSpOsWupBblOJmSBzhOA13-9TXxSmaKUpmmlTLj7Ez_r3MyjSQRIDi7iFPZYPTX5VI8h2zfZJTsqqL8vowOjc_Cx2G_1ZDF_y2cztWZ5VklBm9usamHBm1HmRONM8tW4Hdrn8Euvg0rhPrfcDt4wtOo-G0KD-tWDkx3wfHEvtSWP8A
67,Orion Veterinary Hospital ,"Shop 1, G/F, 23 Pine St, Tai Kok Tsui, Hong Kong",+852 2388 6200,,,Mon: 09:30-19:30; Tue-Sat: 09:30-22:30; Sun: 09:30-19:30,FALSE,https://www.orion-vet-hospital.com/,https://maps.apple.com/?q=Orion+Veterinary+Hospital+(奧利安動物醫院+),22.32072,114.163794,4.9,ChIJy5tUbMQBBDQReWRaQ-pMB2o,ATCDNfVpqGmfJNSNWpf4VZZSRrOQAcu0S1OrQMqU8N4W0nQc5JwlytADxmbNYYnGm-0Ps4jyGqbX_fsHXBDFtvLgEw-5HLCUrfTYu_JkSJLybbJB5odEIOS7DlVldTCX-Au3Y4Z6zeHgo4r8WvnreWcUwALQpuptDq40b6MxFStIK3nV_0cGsXv6pkiK0eJWQdi4qwBI6dnkZpD2GJsZ56JL-aekmog5ReHKeKaOD2dnlUQ8379auhM5dDgV_kj1gt2kfJbsqS9kInGQnlSS5oVr0muuqm-THrxzMBIzwal2DwM
68,Tai Wai Animal Hospital (Tai Wai Small Animal and Exotic Hospital),"G/F, 69-75 Chik Shun St, Tai Wai, Hong Kong",+852 2687 1030,,,Mon-Sun: 24-hour,TRUE,http://www.taiwaiexotic.com/,https://maps.apple.com/?q=Tai+Wai+Animal+Hospital+(Tai+Wai+Small+Animal+and+Exotic+Hospital),22.376773,114.178886,4.2,ChIJfc_U0acHBDQR7pxS-Sk0XLo,ATCDNfVOWaZQxs-7a3oD532oM8nj3Y4vuwwC_TreOhnCeXXEmhKmV5m1BGPKQ_BH6UavFTyZf21X882r3jPxu8zF0maoiC1OxSZQ1d2iliDybOOGQHcfCdz8wkzSdJyi6OkFb58oB53sQfEHSnI-11dvKdhh4vBWVwyzW9x-UgaDEAQ5V9syRBsx1_vJFFyt8R1t_2UylM43gnASZ65dX85Duef78B89wv90NwiuDMVxw4aRHC7jVo-C8HiPQvGUnfEX31VYecRZUrn07FK_ppPmpAZ14pJyh1c9WCmX_QpSt3MJSw
69,Victory Animal Hospital,"G/F, Emma Ave, Ho Man Tin, Hong Kong",+852 2711 0332,,,Mon-Sat: 09:00-19:00; Sun: 11:00-19:00,FALSE,https://victoryanimalhospital.com/,https://maps.apple.com/?q=Victory+Animal+Hospital,22.319168,114.175348,4.4,ChIJXZNmac8ABDQRM03dY5Nh5vQ,ATCDNfU-Y2C_hWDnnAwEScIAv7vILS1wuyiJZFTclk0QkD8UCL2uiloOn1wYXQ_qhBdwROTX7abkZ40BepMiE83QQqLxdSA-0h3JxACpz5KfOczI5cypyZEfs1sY_tEQhVkp7LL4erwif9mBRPhuimCAbEB2XB5cVXI20Tu3b29JfizcMr2CrT38_yMTrlIwb2x3HPDM2eZzjbRc0ZwKX8XoNxHUmN9Fuhj8EPGglBsplwlV2fYvTWGqGS-RBifiMu9D-idYD2FLMeE_DD6NyC-j6NEPL409if6AmBsEyhB60BLI7SSHmF3l6aFkFdzHHul2-Va0F_mykyyy5PN1op1gRvwzZqxDj05sFiclW8r4RlsjTasEbVoObVVIbIIbXx-vig7sQOif8HvYnlZNfTZb9oAVXunIdAlc14f7WnIgSTOZZw
70,Non-Profit making Veterinary Services Society,"Hong Kong, 旺角基隆街昌基樓G/F",+852 2393 2070,,,Mon-Sun: 09:00-21:30,FALSE,http://www.npv.org.hk/,https://maps.apple.com/?q=Non-Profit+making+Veterinary+Services+Society,22.325076,114.167151,4.2,ChIJN-IqGrYABDQRGD6IIp3r4XI,ATCDNfVdPwmhBGfFt8VYwshPoOpkfbQb5YIZv7pMKKu_w1IbVGm6g-pheLCEyNFsxSZ7qhCMnGeiTNAka73sQ3kZl8Twh-Ioy4J4UIJwXdzD4ROjqMF5_Gg-t_lIZfrYG-Zbr13-G_IUQLQXT2RERw05SKCl5hKs_nrAMpaC38_o4wvamIqmsstnj76zVfrh8ESb2vy4ZYA1_CMIRLDchFDnV2a9aUwwLrFh9v8kkuy4e0-yXc98EoZD-PHDr5yGxNXao-bfG9ReojI4LLw5evHetQha0-KBcwpLGrRMtgVri9AEP45XwbDjuX5Srccy7DgWkGPFfrVAEi3yh_IpSRj-DMyB8OxisFI-LYPfHdygKMyD8Zv9LIFmXVyei_Vp-Uxn2G4PYqnjzS6uVf4rwwTI4v_4KqdY_QdDhZ_1KKat20LmY2Gt
71,The Pet Vet,"1/F, 5 Luard Rd, Wan Chai, Hong Kong",+852 2111 1319,,,Mon-Fri: 09:00-21:00; Sat-Sun: 10:00-19:00,FALSE,https://www.thepetvet.com.hk/,https://maps.apple.com/?q=The+Pet+Vet,22.27692,114.171385,5,ChIJcQC29-4BBDQRbp9M_udNPU8,ATCDNfXIWO6lTz-XmxedO1SB2WT4zp2YYbb5aVMX9OFRTZm3SUNbghgbmGHjD7hzOhtcI8opSD2q8wAGNRVCrUNhLMN2odCXDQaLecoRdI4vs9T5yEdKBi_BOGzgRLWjHu6bfl0tfmfYaEsfevkXfVAIuGrp9mOl_141Z6g-F6VsuYZ9eBgKcBxjmNuqzWGPH-qVjO1tfn3T8GmVw2KqaStPhCYtTikfCOzUBfav0D_GEfZ8Mt5lFoEJZw8MyhLx0ru7_HB72MMKJpReSk0TJ31Ebt86CY3ixWx54ZakDHfpkWjB4w
72,Animal Medical Academy Hospital (AMAH),"Hong Kong, Tsim Sha Tsui, 東部加連威老道100號港晶中心12-17舖地下",+852 3899 8999,,,Mon-Sun: 24-hour,TRUE,http://www.amahvet.com.hk/,https://maps.apple.com/?q=動物醫療學會醫院+Animal+Medical+Academy+Hospital+(AMAH),22.300847,114.178352,3.9,ChIJk_GgeQ8BBDQRIAfkUxmCfgI,ATCDNfUMfJZQFlHB9Kb3--tSZj477jv_SJ9eJ7AcntwEfxu6g6OcS_41WcknauYnZC8Bkx2LgHsIbrkXFXNY0Imbrq8X24lWmNHMZF9Bjdd82YoWKEuNVabu8WkQKvbo2MAc4B4hvxEMvYRabyYbtXdvQjean59g4zUa5Aqtbv6j_caJ_d8UzYWRSNdJ_GIEPLt3lN1e_Qnaxux5uhC1Lxot_yy5zG3Sh829727ttQuwkjGjBstORW--ywDtFG14S47SYgzTU6ir_qljQwpkBZUhUjgfujtmoHYBJECEM1pFyuu_mg
73,Harvest Veterinary Specialty & Emergency Hospital,"Shop 2, G/F; 9/F, Tower 2, Magnet Place, Kwai Fung Cres, Kwai Chung, Hong Kong",+852 3102 8528,,,Mon-Sun: 24-hour,TRUE,https://hvseh.com.hk/,https://maps.apple.com/?q=Harvest+Veterinary+Specialty+&+Emergency+Hospital+豐盈動物專科及急症醫院,22.355551,114.125293,4.6,ChIJm8CN9dH5AzQRaklmeM9Gg5Y,ATCDNfWUPbNqvm6SML06G29-Lb9GBRrzDE6x1Zz3ENwR4cwgZzk29Zyg0ZwVhu3C2xhZaZCxbZe9bOdkTa1erkLYlqemaql6sr4ZuFeRVzz0dD6J-zMnrG5eVP_xiEchgp-tUstHXlO0DxPC3ktddV7TFykdJSBBOM4KaeijZ0z2hPjOq6mKlMuZ2NnhrFQFTJBQKvtgmokHj95HpNNzECf51CqMlx3BsT3xQWgswIxSxswtOmGR1vbXHNM5Lwmte9XIBkXVYjDnjgfZ9byvc2j7ih8BGaph3EfOq-XPPK_4KhO48Q
